{
  "/blog/Account/login.aspx" : {
    "transaction" : "/blog/Account/login.aspx",
    "sampleCount" : 2000,
    "errorCount" : 0,
    "errorPct" : 0.0,
    "meanResTime" : 30351.23700000007,
    "medianResTime" : 34926.5,
    "minResTime" : 1531.0,
    "maxResTime" : 45266.0,
    "pct1ResTime" : 43897.9,
    "pct2ResTime" : 44492.65,
    "pct3ResTime" : 45044.97,
    "throughput" : 26.269817293420722,
    "receivedKBytesPerSec" : 493.16194603522786,
    "sentKBytesPerSec" : 41.25120676973192
  },
  "/blog" : {
    "transaction" : "/blog",
    "sampleCount" : 2903,
    "errorCount" : 0,
    "errorPct" : 0.0,
    "meanResTime" : 20051.10093007235,
    "medianResTime" : 19862.0,
    "minResTime" : 12607.0,
    "maxResTime" : 29362.0,
    "pct1ResTime" : 26744.2,
    "pct2ResTime" : 27676.8,
    "pct3ResTime" : 28180.96,
    "throughput" : 38.17024745575512,
    "receivedKBytesPerSec" : 714.5817291414653,
    "sentKBytesPerSec" : 47.63825805513188
  },
  "/blog/Account/login.aspx-1" : {
    "transaction" : "/blog/Account/login.aspx-1",
    "sampleCount" : 1000,
    "errorCount" : 0,
    "errorPct" : 0.0,
    "meanResTime" : 17343.78200000001,
    "medianResTime" : 17836.0,
    "minResTime" : 11193.0,
    "maxResTime" : 24422.0,
    "pct1ResTime" : 23718.3,
    "pct2ResTime" : 24063.85,
    "pct3ResTime" : 24305.96,
    "throughput" : 26.86078057428349,
    "receivedKBytesPerSec" : 858.8105039082436,
    "sentKBytesPerSec" : 35.98924897257514
  },
  "Total" : {
    "transaction" : "Total",
    "sampleCount" : 6903,
    "errorCount" : 0,
    "errorPct" : 0.0,
    "meanResTime" : 22607.242792988574,
    "medianResTime" : 20558.0,
    "minResTime" : 1531.0,
    "maxResTime" : 45266.0,
    "pct1ResTime" : 37248.8,
    "pct2ResTime" : 42184.2,
    "pct3ResTime" : 44723.6,
    "throughput" : 54.038186045419316,
    "receivedKBytesPerSec" : 978.5434212882507,
    "sentKBytesPerSec" : 72.82335492453599
  },
  "/blog/Account/login.aspx-0" : {
    "transaction" : "/blog/Account/login.aspx-0",
    "sampleCount" : 1000,
    "errorCount" : 0,
    "errorPct" : 0.0,
    "meanResTime" : 19803.194999999985,
    "medianResTime" : 19671.0,
    "minResTime" : 11075.0,
    "maxResTime" : 29088.0,
    "pct1ResTime" : 26804.9,
    "pct2ResTime" : 27283.649999999998,
    "pct3ResTime" : 28670.07,
    "throughput" : 22.263285615691167,
    "receivedKBytesPerSec" : 25.30709419596144,
    "sentKBytesPerSec" : 26.697505955428902
  }
}